song_id,Genre,avg_arousal,avg_valence
2,Blues,-0.197517425,-0.2155107
3,Blues,-0.193186927,-0.265854852
4,Blues,0.243072267,0.155209623
5,Blues,-0.236206713,0.140159578
7,Blues,0.376292017,0.332454655
8,Blues,-0.13150633,-0.002103883
10,Blues,-0.171350738,0.043041343
12,Blues,0.285944377,0.341732885
13,Blues,-0.328970482,-0.227260662
17,Blues,0.031282248,0.170612816
18,Blues,-0.150233359,-0.038952817
19,Blues,0.280864024,-0.007974413
20,Blues,0.042366541,0.337703812
21,Blues,0.392391405,0.33112627
22,Blues,-0.162197032,0.015111312
24,Blues,0.117211927,-0.064287578
25,Blues,0.539811152,-0.224264538
31,Blues,0.075202862,-0.180511351
32,Blues,-0.026168924,-0.17084383
35,Blues,0.00302248,0.382602573
37,Blues,0.367635795,0.264396293
39,Blues,0.5890228,0.160837281
40,Blues,-0.226280284,0.072843662
41,Blues,-0.173261417,-0.084466682
42,Blues,0.305720998,0.003224863
43,Blues,0.414153903,-0.162938518
44,Blues,-0.271960159,-0.13433174
45,Blues,0.037228423,-0.51953465
46,Blues,0.182533767,-0.214605381
47,Blues,0.018036252,0.005324619
48,Blues,0.007898921,0.060206234
49,Blues,-0.034540387,0.167424537
50,Blues,-0.252902647,0.008474507
51,Blues,-0.259188468,-0.125251665
52,Blues,0.013501483,0.075297061
53,Blues,-0.072461811,-0.039433558
54,Blues,-0.227081654,-0.228799709
55,Blues,0.222889298,0.131252528
56,Blues,0.277459457,0.14469772
58,Blues,-0.280422195,-0.124381646
59,Blues,0.315367865,-0.123854562
60,Blues,0.079017331,0.223166772
62,Blues,0.232228738,-0.196667899
64,Blues,-0.160779292,0.009464445
65,Blues,0.336037161,0.132731023
67,Blues,0.489031275,0.303414567
68,Blues,-0.084847093,0.040026612
69,Blues,-0.354370633,-0.197798463
70,Blues,0.03305853,-0.221442953
71,Blues,0.203585127,-0.068202276
72,Blues,0.58268833,0.192568749
73,Blues,0.325798783,0.166548747
74,Blues,-0.249042977,-0.077538059
76,Blues,-0.13248458,-0.325254087
77,Blues,-0.009511675,-0.350494072
78,Blues,-0.334305872,-0.237265385
79,Blues,0.249570532,0.180665733
80,Blues,0.322009735,0.156823502
81,Blues,0.303572221,-0.140781875
82,Blues,-0.348709967,-0.306839197
83,Blues,0.391531836,0.177875893
84,Blues,0.511762563,0.032514042
85,Blues,0.569174984,0.298769083
86,Blues,0.268247728,0.27805686
87,Blues,0.0957035,-0.381110688
88,Blues,0.377468593,0.160397578
89,Blues,-0.169438668,-0.151625408
90,Blues,-0.127784598,-0.027241379
91,Blues,-0.076055131,-0.053354419
92,Blues,0.35406292,-0.027546948
93,Blues,0.420984583,0.282010554
95,Blues,-0.394013402,0.008975288
96,Blues,0.420302341,0.302671053
98,Blues,0.128354691,-0.471019625
99,Blues,0.032242531,-0.062753685
101,Blues,-0.195582991,-0.330005963
102,Blues,0.340815918,0.127419752
103,Blues,0.281030414,-0.215939362
104,Blues,0.421212639,-0.383594887
105,Blues,0.369118625,0.088525223
106,Blues,0.000625166,-0.209003154
107,Blues,0.273826002,-0.091311391
108,Blues,-0.049430785,-0.126022444
109,Blues,0.02319079,0.020692082
110,Blues,-0.173156483,-0.362308519
111,Blues,0.10239538,0.010262562
112,Blues,0.362848951,0.280286949
113,Blues,0.25055115,-0.123326365
114,Blues,0.143379177,0.262854326
115,Blues,0.64848414,0.534416196
116,Blues,-0.018377336,-0.178595728
117,Blues,-0.114759541,0.151426029
118,Blues,-0.058773575,-0.001783353
119,Blues,-0.05242626,-0.1993641
120,Blues,-0.133988983,-0.082831135
121,Blues,-0.389514925,-0.076974318
122,Blues,0.278615443,-0.023281359
123,Blues,0.337033241,0.290861267
124,Blues,-0.075329129,-0.386238857
125,Blues,-0.04065307,-0.132393465
126,Classical,0.080198467,0.325636328
127,Classical,-0.471207572,0.129757936
128,Classical,-0.317110744,-0.231513647
129,Classical,-0.096438378,0.294053562
130,Classical,-0.223965525,-0.030708105
131,Classical,0.320742345,-0.028568591
133,Classical,-0.366010798,-0.593149143
134,Classical,0.040754839,0.160223459
135,Classical,-0.111316204,-0.290412572
136,Classical,0.466735555,0.292933829
137,Classical,-0.195374852,0.216781486
138,Classical,-0.090353044,-0.430670685
140,Classical,0.010820496,-0.103129812
142,Classical,-0.008183968,0.140205057
143,Classical,-0.177579847,0.019512624
144,Classical,-0.352588193,0.005317823
145,Classical,-0.295720955,0.083927719
146,Classical,-0.563005447,-0.222996518
148,Classical,-0.002788716,0.009061473
149,Classical,-0.154876146,-0.327540413
150,Classical,0.038614553,0.038048058
151,Classical,-0.393948752,-0.065903919
152,Classical,-0.093361959,-0.021208392
153,Classical,-0.056512674,0.039975389
154,Classical,-0.103037955,-0.096398861
155,Classical,-0.271742251,0.108450562
156,Classical,0.400219916,0.379438045
157,Classical,-0.2652856,0.306526633
158,Classical,-0.445386381,-0.244370643
159,Classical,-0.235240033,-0.327591869
160,Classical,-0.270830674,-0.251705856
161,Classical,0.242808904,-0.300543107
162,Classical,-0.197324939,-0.019212733
163,Classical,-0.077697684,-0.143535789
164,Classical,-0.156002406,-0.369360665
166,Classical,-0.254705025,-0.125115055
167,Classical,-0.426631883,-0.200935803
168,Classical,-0.170878499,-0.211836027
169,Classical,-0.504505118,-0.391706706
170,Classical,-0.409748477,-0.171957376
171,Classical,-0.450981573,-0.185794326
172,Classical,-0.183078418,-0.016503963
173,Classical,-0.065436238,-0.468645516
174,Classical,-0.114225416,-0.307779977
175,Classical,-0.171212218,0.052960999
176,Classical,-0.577433267,-0.264115413
177,Classical,0.045105427,0.146110823
178,Classical,-0.50485625,-0.132401428
179,Classical,0.111276796,0.272099404
180,Classical,0.064080266,0.241459568
181,Classical,-0.048221453,-0.448293983
182,Classical,-0.428811645,-0.196832944
184,Classical,-0.134907115,-0.155150127
185,Classical,-0.178500159,-0.176131169
186,Classical,-0.179495849,-0.182694307
187,Classical,-0.644306053,-0.250724095
188,Classical,-0.136863564,-0.201807038
189,Classical,0.382488523,0.355192778
190,Classical,-0.316514588,-0.288456815
191,Classical,0.093876248,0.316622448
192,Classical,0.127058638,0.250505108
193,Classical,-0.083130462,-0.394612037
194,Classical,-0.368739168,-0.101627407
195,Classical,-0.247589667,-0.354820772
196,Classical,-0.05017365,-0.046395073
197,Classical,-0.583735637,-0.361531117
198,Classical,-0.563782458,-0.341698564
199,Classical,0.112272645,0.073495857
201,Classical,-0.191077474,0.194129599
202,Classical,-0.072650953,-0.002842057
203,Classical,-0.276125936,0.080044717
204,Classical,0.010380705,-0.443119018
205,Classical,-0.440979368,-0.096376847
206,Classical,-0.44158338,-0.297642651
207,Classical,0.082733405,0.08053337
208,Classical,0.008467242,0.254989954
209,Classical,-0.255389781,-0.096031582
210,Classical,-0.332590474,0.29606315
211,Classical,-0.248259058,0.069901125
212,Classical,-0.002838946,0.183972986
213,Classical,-0.403389528,-0.522007217
214,Classical,-0.265612442,-0.079021654
215,Classical,-0.239376017,-0.421598212
216,Classical,-0.019453183,0.025445061
217,Classical,-0.263466944,0.087218026
218,Classical,-0.382293506,-0.119423641
219,Classical,-0.250509277,-0.140052751
220,Classical,-0.095415039,-0.314723935
221,Classical,-0.149316428,-0.224582833
222,Classical,-0.410541437,-0.095963725
223,Classical,-0.556209517,-0.305468985
224,Classical,0.260119502,0.149196455
225,Classical,-0.295071953,-0.070786343
226,Classical,0.084031388,0.011316161
227,Classical,-0.188515369,-0.30395135
228,Classical,-0.256445117,-0.174626443
229,Classical,0.000334796,0.071816498
231,Classical,-0.003689458,0.198221153
232,Classical,-0.498653244,-0.343480446
233,Classical,0.099738668,-0.005965148
234,Classical,-0.026311306,-0.079467024
235,Classical,-0.346574915,-0.167161643
236,Classical,-0.416801207,-0.371315667
237,Classical,-0.221343732,-0.225081053
238,Classical,-0.4186371,-0.026680307
239,Classical,-0.60666835,-0.387348554
240,Classical,0.403973096,0.370844272
241,Classical,-0.187142697,-0.08879869
242,Classical,-0.332692785,-0.075708333
243,Classical,0.498925953,-0.194540625
244,Classical,-0.115234254,-0.072148065
245,Classical,-0.150790983,0.3926554
246,Classical,-0.157528717,-0.265581663
247,Classical,-0.053318788,-0.030782854
248,Classical,-0.37048105,-0.316167287
250,Classical,-0.235945634,-0.198753762
253,Country,0.369993562,-0.462197014
254,Country,0.312770247,0.545146617
257,Country,0.668757683,0.293142302
258,Country,-0.079994835,-0.150640688
260,Country,0.085804385,-0.212640603
262,Country,0.265785742,0.416251245
264,Country,0.1102469,0.145406661
265,Country,-0.104411952,0.219007873
266,Country,-0.173203343,0.060420651
269,Country,-0.004156295,0.060601858
270,Country,0.243641407,0.36511583
272,Country,0.186992698,0.305690603
273,Country,0.153155745,0.472338483
274,Country,0.574864569,0.125410156
275,Country,0.221874478,0.169154337
276,Country,0.31638425,0.077215253
278,Country,0.013298445,-0.004153793
279,Country,-0.343083807,-0.023978012
280,Country,-0.115780383,-0.327145658
281,Country,0.159517567,0.366039168
282,Country,-0.294503831,-0.079275355
284,Country,-0.118819725,0.101169228
285,Country,-0.188710826,0.131429854
286,Country,0.139131087,0.469139917
288,Country,-0.20494164,0.219591249
289,Country,0.219040857,0.320205691
290,Country,-0.342028182,-0.084189646
292,Country,0.613517167,0.565652217
293,Country,0.32705339,-0.165987389
294,Country,0.196982167,0.4225971
296,Country,0.22575641,0.199654324
297,Country,-0.369946268,-0.069433815
298,Country,-0.051172355,0.171883733
299,Country,-0.46253685,-0.14165091
300,Country,0.406256117,-0.001706815
301,Country,-0.197414601,-0.239808829
302,Country,0.327825018,0.355658911
303,Country,0.470195967,0.261775887
304,Country,-0.122902386,-0.116449685
305,Country,0.38729485,0.510153162
306,Country,0.168323228,0.3636579
307,Country,0.269343357,0.453762833
308,Country,-0.067565207,0.315369128
309,Country,0.126467554,0.202159489
310,Country,-0.486936668,-0.30211363
311,Country,0.236143072,0.311214956
312,Country,-0.031727318,0.183569028
313,Country,-0.217340011,0.179526345
314,Country,0.315759129,0.214066513
315,Country,0.296773668,0.455896787
316,Country,-0.390661113,-0.221240742
317,Country,0.299178823,-0.047813491
318,Country,0.377367108,0.25225736
319,Country,-0.114025507,0.137139826
320,Country,0.628117617,0.380811906
321,Country,0.46710456,0.162134702
322,Country,0.273292835,0.443130633
323,Country,0.003696194,0.243410608
324,Country,-0.275162533,-0.045410234
325,Country,0.319716475,0.160802494
326,Country,0.167732475,0.420980543
327,Country,0.333270679,0.445217145
328,Country,0.153732886,-0.185675515
329,Country,-0.373256617,-0.196799428
330,Country,0.333768477,-0.378586192
332,Country,0.181583157,0.3563874
333,Country,0.4780344,0.09726373
334,Country,0.34095714,0.175519417
335,Country,0.481599135,0.39755322
336,Country,0.22802992,0.302039862
338,Country,-0.206065631,-0.188616873
339,Country,0.304255933,0.416844617
340,Country,-0.313880937,-0.062502859
341,Country,-0.146092654,-0.020963832
342,Country,-0.204733853,0.110197395
343,Country,0.3626638,0.615195078
344,Country,-0.084993467,0.026241428
345,Country,0.50405508,0.24376179
346,Country,0.403519645,0.432399675
347,Country,-0.117309328,0.217348871
348,Country,0.109754335,0.232047736
349,Country,-0.229185217,0.259921587
350,Country,0.241220962,0.38880608
352,Country,0.150173042,0.011774649
353,Country,-0.172258377,-0.051124576
354,Country,0.474138763,0.257136269
355,Country,0.111002924,0.412210116
356,Country,0.037692789,0.297803797
357,Country,0.098214296,0.313912408
358,Country,0.164172529,-0.07939507
359,Country,-0.472233765,-0.212551647
360,Country,-0.511525635,-0.072901031
361,Country,-0.461022983,-0.295829147
362,Country,-0.097746694,0.271289553
364,Country,0.089150035,0.435445801
365,Country,0.287829109,0.308381383
366,Country,0.50491492,0.194236131
367,Country,-0.392516197,-0.344122017
368,Country,-0.037527665,0.223641341
369,Country,-0.454893731,-0.316090722
370,Country,-0.142456285,-0.185989975
371,Country,0.088027715,0.24534178
372,Country,-0.270146683,-0.100763442
374,Country,0.480140957,-0.006197635
375,Country,-0.581582267,-0.35733543
376,Electronic,0.133873173,0.232637968
378,Electronic,0.315168098,0.26121645
379,Electronic,-0.602333082,-0.404334927
380,Electronic,0.162429993,0.109279
381,Electronic,0.263721907,0.293329418
383,Electronic,-0.064043044,-0.075506175
384,Electronic,-0.132987954,-0.134553887
386,Electronic,0.209480958,0.17056403
387,Electronic,0.150125822,0.252045158
390,Electronic,0.32255099,0.241483282
391,Electronic,0.275168849,0.241324291
392,Electronic,-0.118035305,0.026098793
393,Electronic,0.261521928,0.236510157
395,Electronic,0.394359545,0.369262583
397,Electronic,0.506348862,0.42161559
399,Electronic,0.370382728,0.310794979
400,Electronic,-0.003175369,0.073289752
401,Electronic,0.147011256,0.32108802
402,Electronic,0.4874548,0.47403689
403,Electronic,-0.077137163,0.105380473
404,Electronic,0.412752865,0.323091047
405,Electronic,0.264494843,0.437130595
406,Electronic,0.23139374,-0.027338421
407,Electronic,-0.02253215,-0.014344807
408,Electronic,0.325756147,0.24175587
410,Electronic,-0.437973458,-0.029730601
415,Electronic,0.223999575,0.057406909
416,Electronic,0.135378328,0.146963655
419,Electronic,-0.370895187,-0.080002412
420,Electronic,-0.04982042,0.096630207
422,Electronic,-0.423096656,-0.344448712
423,Electronic,0.210776743,-0.01668722
425,Electronic,0.452592143,0.348014683
426,Electronic,0.156259215,0.052608864
427,Electronic,0.155951392,0.140549922
428,Electronic,0.386337026,0.133062963
429,Electronic,-0.22505919,-0.10090849
430,Electronic,-0.006288725,-0.17129792
431,Electronic,0.25770223,0.144503367
432,Electronic,0.041261981,0.2343031
435,Electronic,0.122572885,0.327873245
436,Electronic,-0.024789836,0.148535078
437,Electronic,0.070655767,-0.047860216
440,Electronic,0.30201668,0.319595235
441,Electronic,0.012288497,-0.025102543
442,Electronic,-0.127363117,-0.175010513
444,Electronic,-0.501852266,-0.492587646
445,Electronic,-0.553817677,-0.11288411
448,Electronic,0.474669493,0.458603008
449,Electronic,-0.357825659,-0.02452318
450,Electronic,-0.19381171,-0.019933283
451,Electronic,0.039306829,-0.07268639
452,Electronic,0.158668412,0.37078092
453,Electronic,-0.093674838,0.174166408
454,Electronic,0.102911672,0.105230434
455,Electronic,0.154896896,0.225992551
456,Electronic,0.25171393,-0.451920159
458,Electronic,-0.268853378,0.02179566
459,Electronic,0.217503878,0.182869504
460,Electronic,-0.18451178,0.023129515
461,Electronic,0.102481369,-0.056054236
462,Electronic,0.283350662,0.011892245
463,Electronic,0.226451941,0.224756163
464,Electronic,0.101305459,0.180605025
466,Electronic,0.39154967,0.253787878
467,Electronic,0.415520615,0.422239583
468,Electronic,-0.417272237,-0.4318719
469,Electronic,0.190031947,-0.001217309
472,Electronic,0.356240897,0.009334426
473,Electronic,0.544025634,0.183334557
475,Electronic,0.273325149,-0.023597524
477,Electronic,0.429633903,0.420494125
478,Electronic,-0.35111458,-0.223537448
479,Electronic,-0.020802746,0.118250763
480,Electronic,-0.330665317,-0.133955623
481,Electronic,-0.234231681,0.088912327
482,Electronic,-0.57148185,-0.382740757
484,Electronic,0.394225368,0.313436726
485,Electronic,-0.22716643,-0.035255962
486,Electronic,0.308636294,0.173070687
487,Electronic,0.095412514,0.071016272
488,Electronic,-0.648596233,-0.259832923
489,Electronic,-0.049373518,0.048599228
490,Electronic,-0.02332165,-0.22716551
492,Electronic,-0.036350417,-0.030412506
493,Electronic,-0.208666737,-0.020887829
494,Electronic,-0.303722353,-0.12185606
496,Electronic,-0.343379741,0.152933112
497,Electronic,0.439651413,0.236621995
498,Electronic,-0.34636142,-0.454803379
499,Electronic,-0.265100043,-0.204725062
500,Electronic,0.36588249,0.126997913
501,Folk,-0.280386907,-0.117199901
502,Folk,0.112074388,-0.014609649
503,Folk,0.30648213,0.245680296
504,Folk,-0.015388074,-0.19198819
506,Folk,-0.227863515,-0.156549233
507,Folk,0.076424712,0.037946036
512,Folk,-0.070989783,0.136096431
513,Folk,-0.278900682,-0.069057157
514,Folk,-0.155949111,0.181464112
515,Folk,-0.188648163,-0.280555923
518,Folk,0.022440705,-0.179051447
519,Folk,0.538071572,0.179962797
520,Folk,-0.218984437,-0.052818093
521,Folk,-0.332297377,-0.109150923
522,Folk,-0.22749565,-0.454861525
523,Folk,0.004829034,0.209222665
524,Folk,-0.232742593,-0.063514312
525,Folk,-0.063734068,0.057360089
527,Folk,-0.18204616,0.199475135
529,Folk,0.098324096,0.338191765
530,Folk,-0.198292347,-0.182766065
535,Folk,0.377507971,0.409286149
536,Folk,-0.078665425,-0.136569907
537,Folk,0.065991235,-0.43775706
540,Folk,-0.217639213,-0.131607498
544,Folk,0.073736388,-0.102493005
547,Folk,-0.216431483,-0.007442177
550,Folk,-0.043402883,0.195883193
551,Folk,-0.275203647,-0.156225711
554,Folk,-0.555471817,0.056158206
555,Folk,0.191142437,0.07618835
556,Folk,0.149457061,0.406962026
558,Folk,-0.619418267,-0.328798614
560,Folk,-0.241186645,-0.004899653
561,Folk,0.415705702,0.372049552
564,Folk,0.076225908,-0.034118497
565,Folk,-0.254490554,-0.377762173
568,Folk,0.148497841,-0.366052533
574,Folk,-0.115250252,0.170260236
577,Folk,0.122284877,0.118799971
579,Folk,-0.163017668,-0.257889485
580,Folk,-0.492392465,-0.009339763
581,Folk,0.174312027,0.18617292
582,Folk,-0.225716292,0.091488645
584,Folk,-0.459126849,-0.525667083
585,Folk,-0.132304431,-0.19262821
586,Folk,0.143292283,0.297529342
591,Folk,0.397794537,0.293004562
592,Folk,0.1205567,0.031804739
594,Folk,-0.16096561,-0.329716585
597,Folk,0.044514907,0.249418625
598,Folk,-0.090556015,0.174255344
600,Folk,-0.233959951,-0.112578715
605,Folk,0.03949031,0.289716616
606,Folk,-0.139252187,0.103835833
607,Folk,0.057236978,0.25702296
608,Folk,-0.447254682,-0.035062982
609,Folk,0.204374125,0.301616765
610,Folk,0.458168253,0.342017343
611,Folk,0.09134376,0.070961494
612,Folk,0.169230062,0.324955263
613,Folk,0.057360954,0.355435555
614,Folk,0.092493674,-0.070749001
615,Folk,-0.238933654,-0.041509089
616,Folk,-0.125495493,-0.063040295
617,Folk,0.415513378,-0.164752053
620,Folk,0.261000872,-0.017938816
621,Folk,-0.324555271,-0.010141633
622,Folk,-0.135618209,0.025224618
623,Folk,-0.251174332,0.103743117
625,Folk,-0.341130953,-0.124929413
628,Jazz,0.117826598,0.397573035
629,Jazz,0.587665167,0.519222473
631,Jazz,0.62566582,-0.426897302
632,Jazz,-0.124056195,0.182066355
634,Jazz,-0.101440185,0.165247167
635,Jazz,0.325909313,0.406431179
637,Jazz,-0.564758983,-0.211007877
638,Jazz,-0.264378281,-0.071146083
639,Jazz,0.162669193,0.340420766
640,Jazz,0.570025984,0.55699922
643,Jazz,-0.208745512,-0.105675669
644,Jazz,-0.076528857,0.15611709
645,Jazz,0.017518501,0.141052663
646,Jazz,-0.213412507,-0.078195368
647,Jazz,-0.345114177,0.143132079
648,Jazz,0.114877927,0.447031183
649,Jazz,0.227560374,0.255073119
650,Jazz,0.358885514,-0.115800494
651,Jazz,0.520063633,0.485253917
652,Jazz,-0.299350285,-0.195502303
653,Jazz,0.208088686,0.174543588
654,Jazz,0.209633388,0.019267089
656,Jazz,-0.325262967,-0.184452446
657,Jazz,0.169338809,0.017828572
658,Jazz,-0.123677615,0.10081625
660,Jazz,-0.673034467,-0.492153195
661,Jazz,-0.596712073,-0.478128624
662,Jazz,0.155147261,-0.007567406
663,Jazz,-0.134417352,-0.212803558
664,Jazz,0.435215308,0.415818063
665,Jazz,0.160299567,0.348783888
666,Jazz,0.240437619,0.073530607
667,Jazz,-0.092949779,-0.161644645
668,Jazz,-0.002702153,0.18116217
671,Jazz,-0.294142882,-0.105812097
672,Jazz,-0.210239076,0.216207866
673,Jazz,0.393274073,0.399992656
674,Jazz,0.458346487,0.518387148
675,Jazz,0.052770171,0.127990394
676,Jazz,0.414896295,0.452198692
677,Jazz,0.513175941,0.188876894
681,Jazz,-0.043587382,0.359855953
682,Jazz,-0.006273776,0.304146511
684,Jazz,-0.097779539,0.061194264
685,Jazz,-0.076688126,-0.169892471
686,Jazz,-0.259316674,0.089170033
687,Jazz,0.5637935,0.51983845
688,Jazz,-0.021619387,0.017910491
689,Jazz,-0.209199764,-0.11133416
690,Jazz,-0.575330167,-0.000922122
691,Jazz,0.098124605,-0.17957575
692,Jazz,0.564788383,0.055944754
693,Jazz,0.274180933,0.048753917
695,Jazz,0.401755862,0.200786394
696,Jazz,0.290940435,0.255675302
697,Jazz,0.080644624,0.229611929
698,Jazz,-0.146300255,-0.17095587
699,Jazz,-0.116683985,0.047725694
700,Jazz,0.094442554,0.125229662
702,Jazz,0.5980966,-0.37493195
703,Jazz,0.124092398,0.286749241
704,Jazz,-0.169876792,-0.09927925
706,Jazz,0.102582051,0.116765603
707,Jazz,-0.476516642,-0.468784468
708,Jazz,-0.380042798,-0.214729815
709,Jazz,0.238595582,0.081893435
710,Jazz,0.139126918,0.042233252
711,Jazz,-0.367379353,-0.209282337
712,Jazz,-0.198442487,0.017541157
713,Jazz,0.052264035,0.23119305
714,Jazz,0.007148496,0.036756948
715,Jazz,-0.337625395,-0.003349816
717,Jazz,-0.023787643,0.011766974
718,Jazz,0.184786063,0.343172745
719,Jazz,0.39298141,0.307371095
721,Jazz,0.206346881,0.057533082
722,Jazz,0.141083092,0.31295734
723,Jazz,0.411231975,0.440608981
724,Jazz,0.275959944,0.17891867
725,Jazz,0.120855057,0.197084276
726,Jazz,0.394794812,-0.358692232
727,Jazz,-0.137241727,-0.022073415
728,Jazz,0.437198483,0.518855862
729,Jazz,0.230962842,-0.232172631
730,Jazz,-0.119211888,-0.047743979
731,Jazz,0.607108678,0.264122003
732,Jazz,-0.011859076,0.176729024
733,Jazz,-0.155020022,0.006754311
734,Jazz,0.350530884,0.412742732
735,Jazz,0.051176791,0.018795811
736,Jazz,-0.277673255,-0.19201009
737,Jazz,-0.08808594,-0.006080406
738,Jazz,0.210081002,0.196916349
739,Jazz,0.329303359,0.370978333
740,Jazz,-0.060071071,-0.076884487
741,Jazz,-0.029694126,-0.162377627
742,Jazz,0.264693848,0.384806462
743,Jazz,-0.233775405,0.059497581
744,Jazz,0.306057728,0.198499472
745,Jazz,-0.118320286,-0.637342738
746,Jazz,-0.209162194,-0.12789558
747,Jazz,-0.182291861,0.111240382
748,Jazz,0.074965818,-0.032567595
749,Jazz,-0.061605801,0.0410205
750,Jazz,0.087720519,0.266770787
756,Pop,0.247334323,0.381297647
757,Pop,0.177949009,0.320960385
758,Pop,0.097994804,0.186056637
759,Pop,0.366231483,0.249539097
763,Pop,-0.109629455,0.15513557
764,Pop,0.376153812,0.518570165
767,Pop,0.161381405,0.312376073
769,Pop,0.432873067,-0.05876887
773,Pop,-0.137679973,-0.013393795
775,Pop,-0.236393176,0.00737808
776,Pop,-0.087645403,1.74217E-05
777,Pop,0.433731283,0.073201511
779,Pop,-0.209249881,0.041276639
780,Pop,0.158375477,0.271478826
781,Pop,-0.047485941,0.274781265
782,Pop,0.41864476,-0.089450563
784,Pop,-0.194991592,0.089210166
787,Pop,0.300836769,0.207902775
789,Pop,-0.095929997,0.089871282
790,Pop,0.53947585,0.132519319
791,Pop,-0.279861775,0.036422554
794,Pop,-0.465556043,-0.106436811
795,Pop,-0.338461412,-0.214076719
796,Pop,0.134995294,0.110195111
797,Pop,0.0933181,0.256236265
798,Pop,0.288863295,0.077213789
799,Pop,-0.032290721,0.142676217
800,Pop,0.027672793,0.000525271
801,Pop,-0.310163518,-0.353405383
804,Pop,0.331829941,0.376529845
805,Pop,-0.528201862,-0.190066488
806,Pop,0.40042755,0.393729203
807,Pop,0.02594364,0.165574856
808,Pop,-0.324589671,-0.084399787
810,Pop,0.338942054,0.31959315
811,Pop,-0.100050343,-0.013726755
813,Pop,-0.038995535,0.260101672
814,Pop,0.354675344,0.172147015
815,Pop,0.34634294,0.336052967
818,Pop,0.327758997,0.440161507
819,Pop,-0.049549431,0.196871731
820,Pop,0.259410008,0.274974103
823,Pop,0.103674809,0.014743552
824,Pop,0.504980726,0.426984413
825,Pop,0.06923511,0.251338981
826,Pop,-0.09985725,0.055599267
829,Pop,-0.329186902,-0.019320629
830,Pop,0.328114803,0.284734717
831,Pop,0.12429308,0.27677291
833,Pop,0.148547284,0.242866211
834,Pop,-0.230768892,-0.112405203
836,Pop,0.374789239,0.224734718
839,Pop,0.090843202,-0.117263568
841,Pop,0.003567333,-0.079799957
844,Pop,-0.223867417,-0.24597581
845,Pop,-0.000611426,0.0980356
846,Pop,0.224962645,-0.026621505
848,Pop,-0.478861987,-0.330586861
850,Pop,-0.22993306,-0.382173772
851,Pop,0.110025339,-0.084685022
852,Pop,-0.105585585,-0.075226601
854,Pop,-0.375521831,-0.175139328
855,Pop,-0.30829881,-0.019663234
856,Pop,0.458331733,0.243604039
857,Pop,0.037180896,0.132851985
858,Pop,-0.009811365,-0.042649793
859,Pop,-0.141303383,0.071812747
860,Pop,0.340307599,0.321225643
863,Pop,0.33191796,0.388494284
864,Pop,0.214586251,0.202806921
865,Pop,-0.461254023,-0.126373151
866,Pop,0.295328807,0.052727529
867,Pop,0.139786987,0.396561355
869,Pop,-0.396759595,-0.041965327
871,Pop,0.279956052,-0.058738098
872,Pop,-0.302184324,0.30471821
873,Pop,0.400806355,0.351983954
874,Pop,0.428366208,-0.109954902
876,Rock,0.560292173,0.40858394
879,Rock,0.152804092,0.208871634
880,Rock,0.019129233,-0.052519041
882,Rock,0.162802894,0.104205577
884,Rock,0.255460962,0.032175014
886,Rock,0.215970643,0.07504732
887,Rock,0.10596226,0.160407711
889,Rock,0.5764432,0.550197898
890,Rock,-0.328529646,-0.245718857
891,Rock,-0.108930963,0.079446588
892,Rock,-0.001889747,-0.232110899
893,Rock,0.624245895,-0.263326232
897,Rock,0.051874988,-0.103111954
898,Rock,0.385545799,0.073245969
899,Rock,0.216220988,0.294836898
902,Rock,0.495887501,-0.3041823
903,Rock,0.278872612,0.181732085
904,Rock,0.213061262,-0.196182973
908,Rock,0.199232237,0.12364724
909,Rock,0.342521042,0.211735456
910,Rock,0.508733113,0.427602432
911,Rock,0.526954833,-0.07816914
913,Rock,0.068898227,-0.248444245
915,Rock,0.055274527,0.135750937
921,Rock,0.236751771,0.326287963
924,Rock,0.278508769,0.325139976
925,Rock,-0.058666106,-0.138427467
926,Rock,-0.242739009,0.035209202
928,Rock,0.117388578,-0.288195334
931,Rock,0.454400352,0.405868802
932,Rock,-0.082479291,-0.023310957
934,Rock,0.369122557,0.303437277
936,Rock,0.271446155,0.056832694
938,Rock,0.475073158,-0.162720785
939,Rock,0.231368877,-0.296120758
941,Rock,0.570205967,0.265818367
942,Rock,0.088041358,-0.193524095
944,Rock,0.478051667,0.339886485
945,Rock,-0.392163183,-0.297002725
949,Rock,0.364965333,0.337169317
952,Rock,-0.188334437,-0.369828459
954,Rock,0.122791455,0.213790726
955,Rock,-0.178042856,0.127300855
956,Rock,0.111689551,0.045739637
957,Rock,-0.310901572,-0.022932501
958,Rock,0.283228667,0.22539164
959,Rock,0.352235298,0.321609276
960,Rock,0.522782183,0.45918155
961,Rock,0.017034818,0.122181232
962,Rock,0.5597266,-0.26544705
964,Rock,0.53626977,0.403523439
967,Rock,-0.368704458,-0.254621055
968,Rock,-0.134844267,-0.209490198
970,Rock,0.4682452,0.4162569
973,Rock,0.473088862,0.019945832
974,Rock,-0.173415288,-0.22771828
976,Rock,0.308954732,0.082375519
977,Rock,0.491713477,-0.334371422
978,Rock,0.623343617,0.298852434
979,Rock,-0.398293417,0.135943498
980,Rock,0.378966277,-0.056455996
981,Rock,0.475559072,0.424940414
983,Rock,0.078291065,0.256908787
985,Rock,-0.355395614,0.152105996
986,Rock,0.277071908,0.030919932
987,Rock,0.293434317,-0.201658671
988,Rock,0.093235894,0.049892276
989,Rock,0.41154414,0.411998532
990,Rock,0.291461775,0.280422152
991,Rock,-0.29548123,-0.187670037
993,Rock,-0.04113488,-0.229493013
994,Rock,0.440801567,0.131006089
995,Rock,-0.060990715,-0.464553817
996,Rock,0.36276668,0.401195756
997,Rock,0.300496273,0.330631331
999,Rock,-0.160359482,0.25250034
1000,Rock,0.481243943,0.327503128
1001,SoulRB-Country-Folk-Pop-Experimental-Rock-Blues,0.20565,-0.001084746
1002,Blues-SoulRB-Rock,-0.019483333,-0.047283333
1003,Blues-SoulRB-Folk-Experimental,0.02712963,0.175266667
1004,SoulRB-Country-Folk-Pop-Rock-Blues,0.17975,-0.141216667
1005,Blues-SoulRB-Rock,0.142083333,0.32995
1006,Blues-SoulRB,0.167383333,0.041483333
1007,Blues-SoulRB,0.288483333,0.264116667
1008,Blues-SoulRB-Rock,0.139016667,0.231283333
1009,SoulRB-Blues,0.13465,-0.017916667
1010,Blues-SoulRB-Rock,0.267866667,0.4129
1011,SoulRB-Blues,-0.277116667,0.067216667
1012,SoulRB-Blues,0.003157895,0.016866667
1013,SoulRB-Blues,0.000466667,-0.239083333
1014,SoulRB-Blues,0.242933333,0.051066667
1015,SoulRB-Blues,0.555966667,0.436816667
1016,Blues-SoulRB,-0.25725,-0.247033333
1017,SoulRB-Blues-Experimental-Rock,0.017533333,0.13085
1018,SoulRB-Blues-Experimental-Rock,-0.262783333,-0.054066667
1019,SoulRB-Blues-Experimental-Rock,-0.139483333,-0.115916667
1020,SoulRB-Blues-Folk,-0.0577,-0.133216667
1021,Blues-SoulRB-Folk,0.301433333,0.324383333
1022,SoulRB-Blues-Folk,-0.08625,-0.221783333
1023,SoulRB-Blues-Folk,-0.2604,-0.3012
1024,SoulRB-Blues-Folk,-0.148316667,-0.28045
1025,Blues-SoulRB-Rock,0.532616667,0.252
1026,SoulRB-Blues-Folk-Experimental,-0.400716667,-0.212883333
1027,SoulRB-Blues-Folk-Experimental,0.1244,0.080833333
1028,SoulRB-Blues-Folk-Experimental,0.306083333,0.126416667
1029,Blues-SoulRB,0.054116667,-0.039966667
1030,Blues-SoulRB,0.377883333,0.2596
1031,SoulRB-Blues-Folk-Experimental-Rock,0.3056,0.181016667
1032,SoulRB-Blues-Folk-Experimental-Rock,0.106983333,-0.142183333
1033,SoulRB-Blues-Folk-Experimental-Rock,0.3509,0.187533333
1034,SoulRB-Blues-Folk-Experimental-Rock,-0.072333333,-0.0995
1035,SoulRB-Blues-Folk-Pop-Experimental-Rock,-0.02185,0.008483333
1036,SoulRB-Blues-Folk-Pop-Experimental-Rock,-0.169183333,-0.02
1037,SoulRB-Blues-Folk-Rock,0.221233333,0.199183333
1038,SoulRB-Blues-Folk-Rock,0.221533333,0.1332
1039,SoulRB-Blues-Folk-Rock,0.130283333,0.288466667
1040,SoulRB-Blues-Folk-Rock,0.2963,0.39165
1041,SoulRB-Blues-Folk-Rock,0.2669,0.28175
1042,Blues-Country-SoulRB-Folk,0.224566667,0.294433333
1043,SoulRB-Blues-International-Electronic,0.311466667,0.057033333
1044,SoulRB-Blues-Jazz,0.501,0.552566667
1045,SoulRB-Blues-Jazz-Folk,0.011366667,-0.023762712
1046,SoulRB-Blues-Pop-Rock,0.414716667,0.25465
1047,SoulRB-Blues-Pop-Rock,0.287916667,0.345583333
1048,SoulRB-Blues-Rock,0.5064,0.050666667
1049,SoulRB-Blues-Rock,0.6233,0.182816667
1050,SoulRB-Blues-Rock,0.37655,0.279766667
1051,SoulRB-Blues-Rock,0.239133333,0.168416667
1052,SoulRB-Blues-Rock,0.542316667,-0.022883333
1053,SoulRB-Blues-Rock,0.435216667,0.088633333
1054,SoulRB-Blues-Rock,0.65265,-0.208666667
1055,SoulRB-Blues-Rock,0.523633333,-0.07225
1056,SoulRB-Blues-Rock,0.50715,0.06635
1057,SoulRB-Blues-Rock,0.673066667,-0.006433333
1058,SoulRB-Blues-Rock,0.556883333,-0.194
1059,SoulRB-Blues-Rock,0.708066667,-0.157183333
1060,SoulRB-Blues-Rock,0.5139,0.202666667
1061,SoulRB-Blues-Rock,0.51155,0.5872
1062,SoulRB-Blues-Rock,0.303783333,0.054133333
1063,SoulRB-Blues-Rock,0.4935,0.155883333
1064,SoulRB-Blues-Rock,0.65055,0.05445
1065,SoulRB-Blues-Rock,0.48545,0.2544
1066,SoulRB,0.403533333,0.363533333
1067,SoulRB,-0.00112963,-0.004433333
1068,SoulRB,0.32675,0.397166667
1069,SoulRB,0.35315,0.00225
1070,SoulRB,0.369383333,0.034933333
1071,SoulRB,0.276466667,0.37
1072,SoulRB,0.391116667,0.374566667
1073,SoulRB,0.125483333,0.3351
1074,SoulRB,0.4729,0.454566667
1075,SoulRB,0.539533333,0.41315
1076,SoulRB,0.4184,0.34955
1077,SoulRB,0.157316667,0.35315
1078,SoulRB,0.475283333,0.39975
1079,SoulRB,0.4707,0.488066667
1080,SoulRB,0.235883333,0.380516667
1081,SoulRB,0.021983333,0.174366667
1082,SoulRB,0.45285,0.538066667
1083,SoulRB,0.47675,0.3883
1084,SoulRB,0.034383333,0.242883333
1085,SoulRB-Electronic,0.34665,0.45595
1086,SoulRB-Electronic,0.19395,0.312633333
1087,SoulRB-Electronic,0.519633333,0.252183333
1088,SoulRB-Electronic,0.46345,0.5605
1089,SoulRB-Electronic,0.469366667,0.475283333
1090,SoulRB-Electronic,0.495916667,0.381366667
1091,SoulRB-Electronic,0.385183333,0.266216667
1092,SoulRB-Electronic,0.520316667,0.436783333
1093,SoulRB-Electronic,0.494416667,0.42395
1094,SoulRB-Electronic,0.439316667,0.38195
1095,SoulRB-Electronic,0.481233333,0.462983333
1096,SoulRB-Electronic,0.07235,-0.071716667
1097,SoulRB-Electronic,0.344816667,0.300366667
1098,SoulRB-Electronic,0.499483333,0.502183333
1099,SoulRB-Electronic-Rock,0.518116667,0.365783333
1100,SoulRB-Electronic-Rock,0.4279,0.381683333
1101,Classical-Experimental-Electronic,-0.052716667,0.00365
1102,Classical-Instrumental-Folk-Experimental,0.08115,-0.450233333
1103,Classical-Experimental-Electronic,-0.1964,-0.230366667
1104,Classical-Jazz-Experimental,0.358166667,0.2227
1105,Classical-Experimental,0.026366667,-0.156066667
1106,Classical-Experimental,0.042516667,-0.2652
1107,Classical-Experimental,-0.123016667,-0.2147
1108,Classical,-0.076116667,-0.043694915
1109,Classical-Experimental-Electronic,-0.444366667,-0.201533333
1110,Classical-Jazz-International-Rock,0.461516667,0.112016667
1111,Classical-Experimental,0.073666667,-0.112866667
1112,Classical-Experimental,-0.237616667,-0.368566667
1113,Classical-Experimental,-0.025066667,-0.24
1114,Classical-Experimental-Electronic,-0.191983333,-0.333933333
1115,Classical,0.082483333,0.081416667
1116,Classical,-0.3016,0.197266667
1117,Classical-Experimental-Electronic,-0.010366667,-0.02255
1118,Classical-Experimental-Electronic,-0.290616667,0.04315
1119,Classical,-0.28705,-0.2494
1120,Classical-Experimental-Electronic,-0.141066667,-0.16325
1121,Classical-Experimental-Electronic,-0.105666667,-0.128366667
1122,Classical,0.321233333,0.392416667
1123,Classical-Jazz,-0.091983333,-0.125883333
1124,Classical-Experimental-Electronic,0.34625,0.18465
1125,Classical-Jazz-Experimental,-0.065383333,0.036222222
1126,Classical-Experimental,-0.0168,-0.103583333
1127,Classical-Experimental,-0.058316667,-0.337566667
1128,Classical-SoulRB-Folk,-0.22645,-0.083633333
1129,Classical,-0.120783333,-0.041783333
1130,Classical-Experimental-Electronic,0.01375,0.086533333
1131,Classical,-0.1075,-0.06275
1132,Classical,-0.049862069,0.064883333
1133,Classical,-0.186133333,0.093333333
1134,Classical-Pop-Experimental-Electronic,-0.434633333,-0.203433333
1135,Classical-Experimental-Electronic,-0.183266667,-0.272316667
1136,Classical-Experimental,-0.093083333,0.069383333
1137,Classical-Folk,0.036983333,-0.199016667
1138,Classical-Jazz,0.054283333,0.0509
1139,Classical,-0.110183333,0.289444444
1140,Classical-Experimental-Electronic,0.303016667,0.358066667
1141,Classical-Jazz-Pop-Experimental,-0.089516667,0.080433333
1142,Classical-Experimental,-0.289166667,-0.388383333
1143,Classical-Instrumental-Experimental-Spoken,0.31885,-0.18085
1144,Classical,0.311133333,-0.006433333
1145,Classical,-0.01720339,0.035716667
1146,Classical-Jazz,-0.005916667,-0.2863
1147,Classical-International-Experimental-Electronic,0.010220339,0.085733333
1148,Classical-Instrumental-Experimental,-0.155383333,-0.285433333
1149,Classical,-0.210016667,-0.1591
1150,Classical,-0.376166667,-0.121783333
1151,Classical-Experimental-Rock,0.379133333,-0.00245
1152,Classical-International-Spoken,0.35755,0.438083333
1153,Classical,-0.138716667,-0.257416667
1154,Classical-International-Spoken,-0.033466667,-0.209566667
1155,Classical,0.157183333,-0.006766667
1156,Classical-Electronic,0.513833333,0.57045
1157,Classical-Electronic,0.464733333,0.539783333
1158,Classical-Electronic,0.5148,0.44755
1159,Classical-Electronic,0.3704,0.29435
1160,Classical-Electronic,0.426933333,0.390733333
1161,Classical-Experimental,0.0034,-0.02235
1162,Classical-Instrumental-Electronic,-0.038983333,-0.098033333
1163,Classical,0.281616667,0.357083333
1164,Classical-Experimental,-0.037433333,-0.070783333
1165,Classical-Instrumental-Electronic,-0.067383333,0.048733333
1166,Classical-Country-Jazz-Folk-Experimental,-0.061066667,0.1647
1167,Classical-Experimental,-0.211883333,-0.297666667
1168,Classical,0.2001,0.102816667
1169,Classical-International-Experimental-Electronic,-0.088166667,-0.184733333
1170,Classical-Experimental,-0.1781,-0.267733333
1171,Classical-Experimental-Electronic,-0.37225,-0.212916667
1172,Classical-Country-Jazz-Folk-Experimental,-0.220966667,-0.327116667
1173,Classical-Spoken,-0.100483333,-0.088633333
1174,Classical-Experimental,-0.061433333,-0.245316667
1175,Classical-Electronic,0.078916667,-0.094166667
1176,Classical,-0.044266667,0.254033333
1177,Classical,0.197766667,0.153816667
1178,Classical,0.108366667,0.18935
1179,Classical-Experimental,0.168683333,-0.153566667
1180,Classical-Experimental,-0.153333333,-0.19605
1181,Classical-Instrumental-Experimental-Spoken,0.2837,-0.28815
1182,Classical-Electronic,-0.410466667,-0.35705
1183,Classical,-0.019133333,-0.08965
1184,Classical-Instrumental,-0.279683333,-0.047133333
1185,Classical,0.425516667,0.493866667
1186,Classical-Experimental,-0.495683333,-0.319983333
1187,Classical-Instrumental-Electronic,0.023616667,0.109916667
1188,Classical-Experimental,-0.002915254,0.18025
1189,Classical-Experimental,-0.060483333,0.079216667
1190,Classical-Experimental,-0.163716667,-0.21785
1191,Classical-Instrumental-Pop-Experimental-Electronic,-0.0693,0.02155
1192,Classical-Country-Jazz-Folk-Experimental,-0.025883333,0.034983333
1193,Classical-Country-Jazz-Folk-Experimental,0.012466667,0.05665
1194,Classical-Country-Jazz-Folk-Experimental,-0.159233333,-0.1414
1195,Classical-Instrumental-Experimental-Spoken,0.211683333,-0.1146
1196,Classical-Instrumental-Experimental-Spoken,-0.163533333,-0.244216667
1197,Classical-Experimental,-0.116216667,0.029083333
1198,Classical,-0.317266667,-0.322616667
1199,Classical-Electronic,0.05375,-0.08940678
1200,Classical,-0.184783333,-0.338666667
1201,Country-Rock,0.414,0.2862
1202,Country-Folk-Rock,-0.101733333,-0.285283333
1203,Country-Folk-Rock,0.166416667,-0.083416667
1204,Country,0.403816667,0.3474
1205,Country,0.46085,0.399716667
1206,Country-Folk-Pop-Rock,0.4231,0.24815
1207,Country-Pop,0.008883333,0.1779
1208,Country-Folk,0.279816667,0.315216667
1209,Country-Folk-Rock,-0.12865,0.100266667
1210,Country-Folk-Rock,-0.27455,-0.144033333
1211,Country-Folk,0.27655,0.3411
1212,Country-Folk,-0.21815,-0.107333333
1213,Country-Folk-Rock,-0.068933333,-0.095933333
1214,Country,0.264666667,0.413766667
1215,Country-Folk-Pop,0.472033333,0.4209
1216,Country,0.416566667,0.267983333
1217,Country-Folk-Rock,-0.20795,-0.0627
1218,Country-Folk-Rock,0.151083333,0.08785
1219,Country-Folk-Rock,-0.155183333,-0.016783333
1220,Country-Folk-Rock,-0.090283333,-0.065883333
1221,Country,0.337166667,0.25135
1222,Country-Folk-Rock,0.036864407,-0.062603448
1223,Country-Rock,0.382016667,-0.0563
1224,Country-Electronic,0.57405,0.3351
1225,Country-Folk-Rock,0.259433333,-0.2234
1226,Country-Folk-Rock,0.0993,-0.035783333
1227,Country-SoulRB-Pop,0.489916667,0.24175
1228,Country-Folk,-0.109066667,0.148483333
1229,Country,0.030966667,0.424
1230,Country-Folk-Rock,0.1739,0.195266667
1231,Country-Rock,0.54225,0.155066667
1232,Country,0.522533333,0.508733333
1233,Country-Folk,0.126883333,0.216916667
1234,Country-Folk,-0.19765,0.059333333
1235,Country,0.399483333,0.1441
1236,Country-Folk,0.185483333,0.184866667
1237,Country-Folk,0.114783333,0.063266667
1238,Country-Rock,0.422,0.213916667
1239,Country,0.632266667,0.258833333
1240,Country-Folk,-0.294133333,-0.398316667
1241,Country-Folk,0.030383333,0.073666667
1242,Country-Folk,0.077333333,0.151683333
1243,Country-Rock,0.39325,0.274333333
1244,Country-Rock,0.18725,-0.0181
1245,Country,0.3152,0.419433333
1246,Country-Folk-Pop,-0.003316667,0.061433333
1247,Country-SoulRB-Pop,0.533483333,-0.159216667
1248,Country-Folk-Rock,-0.11395,-0.158666667
1249,Country-Rock,0.416683333,0.34595
1250,Country-International-Rock,0.592583333,0.537016667
1251,Country-Folk-Pop,0.478316667,0.551716667
1252,Country-Rock,0.283633333,0.292066667
1253,Country-Rock,-0.117566667,-0.062766667
1254,Country,0.59345,0.046666667
1255,Country-Folk,-0.310983333,-0.215816667
1256,Country-Folk,0.324283333,0.401883333
1257,Country-Instrumental-Folk,0.170933333,0.146516667
1258,Country-Rock,0.4235,0.34175
1259,Country-Pop,-0.1421,-0.244133333
1260,Country-Rock,0.600616667,0.562683333
1261,Country-Folk-Rock,-0.099259259,-0.145583333
1262,Country-Folk,0.152466667,0.0452
1263,Country,0.3782,0.265733333
1264,Country-Folk,0.069083333,0.08655
1265,Country-Folk-Pop,0.312116667,0.305983333
1266,Country-SoulRB-Pop,0.382383333,0.32645
1267,Country-Folk,-0.014796296,0.025883333
1268,Country-Folk,-0.0304,0.0589
1269,Country,0.172366667,-0.227766667
1270,Country-Rock,0.312166667,0.0402
1271,Country-Folk,0.176416667,0.1219
1272,Country-Instrumental-Folk,-0.042983333,-0.04205
1273,Country-Experimental-Rock,0.235633333,-0.01505
1274,Country,0.455166667,0.341366667
1275,Country-Folk-Rock,-0.165666667,-0.246616667
1276,Country-Pop,0.36275,0.106133333
1277,Country-Folk-Pop,-0.233283333,-0.186966667
1278,Country-Folk-Pop,0.14915,0.164716667
1279,Country-Rock,0.234433333,0.2644
1280,Country-Folk-Pop,0.3342,0.214633333
1281,Country-Folk,0.10035,0.337
1282,Country-Rock,0.56535,0.498166667
1283,Country-Pop-Rock,0.230116667,-0.1973
1284,Country-Electronic,0.505116667,0.30215
1285,Country-Pop-Rock,0.415283333,0.259766667
1286,Country-Folk-Rock,-0.072866667,0.052183333
1287,Country-Folk-Pop,0.306316667,0.116383333
1288,Country-Folk-Pop,0.019166667,0.211183333
1289,Country-Folk,0.179716667,0.240483333
1290,Country,0.574466667,0.479333333
1291,Country-International,0.021316667,-0.05065
1292,Country-Folk,0.25625,0.339783333
1293,Country-Folk,0.213466667,0.168983333
1294,Country-Folk,0.380233333,0.399016667
1295,Country,0.5093,0.482133333
1296,Country-Folk,0.462,0.146683333
1297,Country-Folk,-0.1239,0.105216667
1298,Country-Spoken,0.383966667,0.506283333
1299,Country,0.252833333,0.065383333
1300,Country-Folk,0.101366667,0.333033333
1301,Electronic,-0.2003,0.031745763
1302,Electronic,0.067366667,0.007559322
1303,Electronic-Rock,0.5207,0.322733333
1304,Electronic-Rock,0.440333333,0.1873
1305,Electronic,0.39105,0.034266667
1306,Electronic,0.282866667,0.3462
1307,Electronic-Rock,0.3471,0.154266667
1308,Electronic,0.4034,0.335066667
1309,Electronic,0.596966667,0.554016667
1310,Electronic,0.084433333,0.0747
1311,Electronic-Rock,-0.062583333,-0.144533333
1312,Electronic-Rock,0.052733333,0.116666667
1313,Electronic,0.005583333,0.0595
1314,Electronic-Rock,0.04775,0.03435
1315,Electronic,0.49625,0.485216667
1316,Electronic,0.0464,0.173933333
1317,Electronic,0.497683333,0.2401
1318,Electronic-Rock,0.332016667,0.140366667
1319,Electronic,0.454083333,0.449183333
1320,Electronic,0.528166667,-0.280866667
1321,Electronic,0.4294,0.002016949
1322,Electronic-Rock,0.27975,0.42755
1323,Electronic,0.1151,0.295033333
1324,Electronic,0.6035,0.303983333
1325,Electronic-Rock,0.45925,0.186566667
1326,Electronic,0.2125,0.382933333
1327,Electronic,-0.2241,0.208533333
1328,Electronic,-0.120333333,0.045133333
1329,Electronic,0.150716667,0.20105
1330,Electronic,0.607016667,0.111716667
1331,Electronic,0.0762,0.14815
1332,Electronic,-0.377766667,-0.4125
1333,Electronic-Rock,0.461583333,-0.113033333
1334,Electronic,0.6905,-0.236616667
1335,Electronic-Rock,0.33525,0.14535
1336,Electronic,-0.00895,0.0264
1337,Electronic,0.578066667,0.05545
1338,Electronic,0.440483333,0.34235
1339,Electronic-Rock,0.5601,0.5091
1340,Electronic-Rock,0.404383333,0.333283333
1341,Electronic,-0.087833333,-0.170583333
1342,Electronic,0.489233333,0.481933333
1343,Electronic,0.346266667,0.36765
1344,Electronic,0.3136,0.3758
1345,Electronic,0.021233333,-0.09855
1346,Electronic,0.407066667,0.359783333
1347,Electronic,0.215933333,0.0654
1348,Electronic-Rock,0.594533333,0.38695
1349,Electronic-Rock,0.248933333,0.277983333
1350,Electronic,-0.10145,-0.171083333
1351,Electronic,0.438983333,0.467733333
1352,Electronic,0.581466667,0.581483333
1353,Electronic,0.454907407,0.1515
1354,Electronic,-0.260366667,0.070883333
1355,Electronic,-0.011083333,0.38855
1356,Electronic,0.159533333,0.054483333
1357,Electronic,0.4925,-0.249833333
1358,Electronic-Rock,0.524583333,0.394166667
1359,Electronic,0.013116667,-0.17015
1360,Electronic,-0.126583333,0.194383333
1361,Electronic-Rock,-0.213633333,0.08115
1362,Electronic-Rock,0.477666667,-0.03765
1363,Electronic-Rock,0.177383333,0.131783333
1364,Electronic,0.464133333,-0.01915
1365,Electronic,0.483116667,0.4595
1366,Electronic,0.501666667,0.289133333
1367,Electronic,0.6231,0.5667
1368,Electronic,-0.047833333,-0.06265
1369,Electronic,0.625516667,0.619733333
1370,Electronic,0.057566667,-0.015716667
1371,Electronic,0.273883333,0.279383333
1372,Electronic,0.21075,0.12305
1373,Electronic,0.48495,0.51015
1374,Electronic,0.183916667,0.3454
1375,Electronic,0.4786,0.2534
1376,Electronic,0.512916667,0.514333333
1377,Electronic-Rock,-0.045616667,-0.220816667
1378,Electronic-Rock,0.407916667,0.191316667
1379,Electronic,0.380733333,0.177516667
1380,Electronic-Rock,0.251933333,0.0871
1381,Electronic,0.678,0.3647
1382,Electronic,0.347916667,0.223583333
1383,Electronic,-0.060933333,0.278016667
1384,Electronic,0.19255,0.152733333
1385,Electronic,0.4589,0.412583333
1386,Electronic,0.293483333,0.243633333
1387,Electronic,0.164133333,0.247316667
1388,Electronic-Rock,0.609233333,0.281266667
1389,Electronic,-0.1681,-0.094483333
1390,Electronic,0.52695,0.448633333
1391,Electronic,0.408033333,-0.011433333
1392,Electronic-Rock,0.632366667,0.57035
1393,Electronic,0.18265,0.317816667
1394,Electronic,0.011333333,0.28035
1395,Electronic-Rock,-0.0484,-0.0884
1396,Electronic-Rock,0.494166667,0.269816667
1397,Electronic,-0.047866667,-0.07655
1398,Electronic-Rock,0.748266667,0.535066667
1399,Electronic,0.395183333,0.216616667
1400,Electronic-Rock,0.51065,0.351466667
1401,Folk-Rock,0.321866667,0.307383333
1402,Folk-Electronic,-0.051933333,0.14595
1403,Folk-Pop,0.20375,0.349633333
1404,Folk-Rock,-0.0835,-0.210783333
1405,Folk-Rock,-0.269366667,-0.219766667
1406,Folk-Rock,0.008661017,0.016355932
1407,Folk,-0.023933333,-0.163316667
1408,Folk-Pop,0.358883333,-0.039833333
1409,Folk-Pop-Rock,0.0807,0.20765
1410,Folk-Pop-Rock,0.159083333,0.3316
1411,Folk-Rock,-0.05685,-0.034118644
1412,Folk-Rock,-0.07775,0.093383333
1413,Folk-Rock,0.219233333,0.092716667
1414,Folk-Experimental-Rock,0.275333333,-0.166933333
1415,Folk,0.305316667,0.309066667
1416,Folk,-0.208083333,-0.013166667
1417,Folk,-0.174733333,-0.022483333
1418,Folk-Experimental,0.114283333,0.0487
1419,Folk-Experimental,-0.223466667,-0.324216667
1420,Folk,-0.07745,0.1645
1421,Folk,0.011233333,0.252883333
1422,Folk-Experimental-Rock,-0.121333333,0.0184
1423,Folk-Electronic-Rock,0.449316667,-0.023322034
1424,Folk-Electronic-Rock,0.006413793,-0.002866667
1425,Folk-Electronic-Rock,0.39285,0.13015
1426,Folk-Pop,0.568683333,0.584483333
1427,Folk-Pop-Experimental,0.347183333,0.091
1428,Folk-Pop,-0.1005,0.054183333
1429,Folk-Pop-Experimental,-0.265766667,-0.29755
1430,Folk-Pop-Experimental,-0.030933333,0.105866667
1431,Folk,-0.036706897,-0.033483333
1432,Folk-Electronic-Rock,-0.205983333,-0.140283333
1433,Folk-Experimental,0.03955,-0.0497
1434,Folk,-0.11775,-0.185033333
1435,Folk-Experimental-Electronic-Rock,0.321983333,-0.144666667
1436,Folk-Pop,0.118633333,0.116416667
1437,Folk-Pop-Rock,0.166516667,0.282683333
1438,Folk,-0.084833333,-0.199266667
1439,Folk,-0.092083333,-0.030383333
1440,Folk-Rock,0.315433333,0.339666667
1441,Folk-Pop-Rock,-0.0226,0.190816667
1442,Folk-Pop,-0.27,0.04315
1443,Folk-Pop,0.05195,0.320816667
1444,Folk-Pop,-0.131366667,0.2169
1445,Folk-Pop,0.131733333,0.246433333
1446,Folk-Pop,-0.052366667,0.340533333
1447,Folk-Rock,0.100633333,0.15915
1448,Folk-Pop-Experimental-Rock,0.14345,0.0969
1449,Folk,0.159633333,0.120383333
1450,Folk-Pop,0.2854,0.3097
1451,Folk-Pop,0.23565,0.166366667
1452,Folk-Pop,0.2314,0.067733333
1453,Folk-Rock,0.017833333,0.1005
1454,Folk-Pop,0.175566667,0.23025
1455,Folk,0.184766667,0.0072
1456,Folk,-0.30085,-0.055203704
1457,Folk,0.205016667,0.262616667
1458,Folk,0.182383333,0.072966667
1459,Bird of Youth,0.322716667,0.28405
1460,Folk,0.182516667,0.254566667
1461,Folk,0.178533333,0.26325
1462,Folk,0.019166667,0.034316667
1463,Folk,-0.055933333,-0.04675
1464,Folk-Rock,0.097783333,0.199
1465,Folk-Rock,0.1413,0.177233333
1466,Folk,0.263616667,0.361233333
1467,Folk,0.155766667,-0.048883333
1468,Folk-Pop-Rock,-0.2468,-0.044762712
1469,Folk-Pop-Rock,0.003616667,-0.122316667
1470,Folk-Pop-Rock,-0.0679,0.087083333
1471,Folk-Rock,0.6054,0.5443
1472,Folk,0.26935,0.164366667
1473,Folk,0.55355,0.505883333
1474,Folk,0.517833333,0.451866667
1475,Folk-Pop,-0.13675,-0.054233333
1476,Folk-Pop,0.245183333,-0.2645
1477,Folk-Rock,0.218933333,0.101266667
1478,Folk-Pop,-0.2497,-0.054833333
1479,Folk-Pop,0.361516667,0.263083333
1480,Folk-Rock,0.3023,0.180766667
1481,Folk-Pop,0.093766667,0.00395
1482,Folk,0.070333333,0.0682
1483,Folk,0.191383333,-0.008016667
1484,Folk,0.162266667,0.056116667
1485,Folk,0.0787,0.098266667
1486,Folk,-0.148266667,-0.107916667
1487,Folk-Experimental-Electronic,-0.17325,-0.08825
1488,Folk,0.0635,0.183483333
1489,Folk-Rock,0.27965,0.115133333
1490,Folk,0.1034,-0.127366667
1491,Folk-Experimental,0.39637037,0.217066667
1492,Folk-Pop,-0.136083333,-0.078116667
1493,Folk,0.439883333,0.148283333
1494,Folk,0.110283333,0.18035
1495,Folk,0.068533333,0.06385
1496,Folk-Pop,0.457083333,0.39255
1497,Folk-Rock,0.036983051,0.0132
1498,Folk-Rock,0.256566667,0.186433333
1499,Folk,0.37445,0.265566667
1500,Folk-Rock,0.14405,-0.054933333
1501,Hip-Hop-Experimental-Electronic,0.316633333,0.211216667
1502,Hip-Hop-Pop-Electronic,0.573916667,0.584666667
1503,Hip-Hop-Electronic,0.17075,0.347533333
1504,Hip-Hop,0.492133333,0.234066667
1505,Hip-Hop-Experimental,0.151383333,-0.13615
1506,Hip-Hop,0.308733333,0.1465
1507,Hip-Hop,0.4487,0.372683333
1508,Hip-Hop-Experimental-Electronic,0.343333333,0.318283333
1509,Hip-Hop-Instrumental-Electronic,0.36045,0.31845
1510,Hip-Hop,0.356933333,0.041333333
1511,Hip-Hop,0.437233333,0.426266667
1512,Hip-Hop,0.430116667,-0.310283333
1513,Hip-Hop,0.485916667,0.407016667
1514,Hip-Hop,0.3173,-0.01815
1515,Hip-Hop,0.300033333,-0.09575
1516,Hip-Hop,0.19665,0.315366667
1517,Hip-Hop-Electronic,0.38105,0.378316667
1518,Hip-Hop-Electronic,0.29305,0.18445
1519,Hip-Hop,0.480883333,0.1614
1520,Hip-Hop,0.417533333,0.30005
1521,Hip-Hop,0.253083333,0.105183333
1522,Hip-Hop,0.54885,0.1869
1523,Hip-Hop,0.0678,0.497216667
1524,Hip-Hop-Electronic,0.270266667,0.373016667
1525,Hip-Hop-Electronic,0.164766667,0.136566667
1526,Hip-Hop-Electronic,0.406783333,0.4001
1527,Hip-Hop,0.17475,-0.018033333
1528,Hip-Hop,0.175783333,0.304483333
1529,Hip-Hop,0.440633333,0.161666667
1530,Hip-Hop,0.172983333,0.317283333
1531,Hip-Hop,0.27785,0.238616667
1532,Hip-Hop,0.381333333,0.300183333
1533,Hip-Hop-Instrumental,0.362866667,0.19665
1534,Hip-Hop,0.379766667,0.32965
1535,Hip-Hop,0.30805,0.1555
1536,Hip-Hop,0.026966667,0.008583333
1537,Hip-Hop,0.007066667,0.2969
1538,Hip-Hop,0.280283333,0.273266667
1539,Hip-Hop,0.237366667,0.118233333
1540,Hip-Hop-Electronic,0.298783333,0.302066667
1541,Hip-Hop-Electronic,0.077766667,0.074566667
1542,Hip-Hop-Electronic,0.343133333,0.260983333
1543,Hip-Hop,0.355266667,0.34635
1544,Hip-Hop,0.392966667,0.313316667
1545,Hip-Hop,0.33225,0.171
1546,Hip-Hop,0.20975,0.270983333
1547,Hip-Hop,0.391316667,-0.1277
1548,Hip-Hop,0.0366,0.113666667
1549,Hip-Hop-Electronic,0.300566667,0.20615
1550,Hip-Hop,0.100316667,0.06375
1551,Hip-Hop,0.3858,0.281116667
1552,Hip-Hop,0.431166667,0.360216667
1553,Hip-Hop,0.453533333,0.343583333
1554,Hip-Hop,0.038783333,0.29195
1555,Hip-Hop-Pop-Electronic,-0.194433333,-0.0773
1556,Hip-Hop,0.518633333,0.069033333
1557,Hip-Hop-Electronic,0.537483333,0.217233333
1558,Hip-Hop,0.42065,-0.176183333
1559,Hip-Hop,0.214166667,0.224066667
1560,Hip-Hop-Electronic,0.28935,0.183133333
1561,Hip-Hop,0.498833333,0.107783333
1562,Hip-Hop,0.500883333,-0.092716667
1563,Hip-Hop-Electronic,0.44535,0.168766667
1564,Hip-Hop-Electronic,0.476216667,0.433716667
1565,Hip-Hop,0.248766667,0.057416667
1566,Hip-Hop,0.084833333,0.3358
1567,Hip-Hop,0.19625,-0.091216667
1568,Hip-Hop,0.41035,0.24175
1569,Hip-Hop-Electronic,0.465166667,0.166233333
1570,Hip-Hop-Electronic,0.38675,0.15355
1571,Hip-Hop-Electronic,0.583933333,0.016728814
1572,Hip-Hop-Instrumental,0.2302,0.246433333
1573,Hip-Hop-Electronic,-0.005883333,0.177616667
1574,Hip-Hop-Electronic,0.3535,0.407683333
1575,Hip-Hop-Electronic,0.293833333,0.21745
1576,Hip-Hop-Electronic,-0.205433333,0.086933333
1577,Hip-Hop-Electronic,0.17235,0.230566667
1578,Hip-Hop,0.2794,0.28925
1579,Hip-Hop,0.322733333,0.1963
1580,Hip-Hop-Electronic,0.385183333,0.365566667
1581,Hip-Hop,0.426816667,0.491666667
1582,Hip-Hop,0.4053,0.175566667
1583,Hip-Hop-Electronic,0.140983333,0.3335
1584,Hip-Hop-Electronic,0.263083333,0.172816667
1585,Hip-Hop-Electronic,-0.003466667,0.16405
1586,Hip-Hop,0.361516667,-0.0299
1587,Hip-Hop-Electronic,0.1791,0.180666667
1588,Hip-Hop-Electronic,0.391566667,0.13185
1589,Hip-Hop-International-Folk,0.4389,0.362716667
1590,Hip-Hop,0.401116667,-0.029283333
1591,Hip-Hop-Electronic,0.3544,0.411916667
1592,Hip-Hop,0.57715,0.473216667
1593,Hip-Hop-Electronic,-0.040733333,0.061283333
1594,Hip-Hop-Electronic,0.3479,0.256416667
1595,Hip-Hop,0.452766667,0.280666667
1596,Hip-Hop-Electronic,0.2608,0.22
1597,Hip-Hop,0.333816667,0.246383333
1598,Hip-Hop,0.41605,-0.091616667
1599,Hip-Hop,0.091416667,-0.144266667
1600,Hip-Hop,0.321183333,0.411433333
1601,International-Electronic,0.485033333,0.2288
1602,International-Folk-Experimental,0.011084746,0.130316667
1603,International-Folk-Experimental,0.22385,0.259833333
1604,International-Folk-Experimental,-0.009338983,0.125183333
1605,International-Folk-Experimental,0.239966667,0.421166667
1606,International,0.221416667,0.277566667
1607,International-Folk,-0.128616667,0.060383333
1608,International-Rock,0.579066667,0.026983333
1609,International-Rock,0.472816667,0.354833333
1610,International-Folk-Experimental,0.140483333,0.3664
1611,International-Rock,0.49745,0.181033333
1612,International-Rock,-0.0363,-0.185366667
1613,International-Rock,0.565466667,0.393683333
1614,International-Folk,-0.011982759,0.390416667
1615,International-Folk-Pop,-0.01155,0.144516667
1616,International-Folk-Pop,0.45755,0.084066667
1617,International-Electronic,0.415266667,0.4412
1618,International-Folk-Pop,-0.0542,0.277083333
1619,International-Folk-Pop,0.34165,0.24215
1620,International-Rock,0.457133333,0.399016667
1621,International-Folk-Rock,0.512033333,0.4933
1622,International-Folk-Rock,0.424283333,0.4439
1623,International-Electronic,0.347433333,0.3429
1624,International-Electronic,0.504883333,0.289983333
1625,International,0.181116667,0.25555
1626,International-Electronic,0.4315,0.45435
1627,International-Experimental-Rock,0.168066667,0.094433333
1628,International-Folk-Rock,0.226033333,0.090066667
1629,International-Folk-Rock,0.45495,0.346433333
1630,International-Rock,0.410683333,0.3004
1631,International,0.17495,0.297316667
1632,International-Folk-Experimental,-0.09375,0.133283333
1633,International-Experimental-Rock,0.548833333,0.325083333
1634,International-Electronic,0.504233333,0.31045
1635,International-Instrumental-Rock,0.4132,0.4632
1636,International-Folk-Experimental,0.40545,0.054983333
1637,International-Folk-Pop,0.08195,0.188916667
1638,International,0.138783333,0.270033333
1639,International,0.2364,0.3711
1640,International-Folk,0.519383333,0.516783333
1641,International-Electronic,0.35055,0.049166667
1642,International-Electronic,0.335983333,0.163066667
1643,International-Pop-Rock,0.246666667,0.085116667
1644,International-Pop-Rock,0.360833333,0.206266667
1645,International-Electronic,0.427516667,0.383866667
1646,International-Folk,0.010233333,0.165716667
1647,International-Rock,0.335533333,0.553425926
1648,International-Instrumental-Experimental,-0.19925,-0.095683333
1649,International-Rock,0.474283333,0.321233333
1650,International-Experimental-Rock,0.216116667,0.3098
1651,International-Folk-Experimental-Rock,0.42115,0.057083333
1652,International-Rock,0.552833333,0.569
1653,International-Electronic,-0.015316667,0.106966667
1654,International-Electronic,-0.374233333,-0.186866667
1655,International-Pop-Electronic,0.4033,0.410716667
1656,International,0.167133333,0.2716
1657,International-Rock,0.45955,0.32765
1658,International,0.38285,0.422733333
1659,International-Electronic,0.30415,0.049533333
1660,International-Electronic,0.38465,0.264716667
1661,International-Electronic-Rock,0.535716667,0.26275
1662,International-Experimental-Rock,0.429583333,0.3642
1663,International-Folk-Pop,0.33285,-0.041916667
1664,International,0.14705,0.094716667
1665,International-Experimental-Rock,0.399816667,0.292816667
1666,International-Folk,-0.00695,-0.010366667
1667,International-Folk,0.752033333,0.496333333
1668,International-Rock,0.340433333,0.31275
1669,International-Experimental,0.198666667,0.223466667
1670,International,0.354533333,0.329316667
1671,International-Folk-Pop,-0.044883333,0.021355932
1672,International-Folk-Pop,-0.092516667,0.1451
1673,International-Folk,0.448316667,0.398283333
1674,International-Folk-Electronic-Rock,0.233783333,0.258566667
1675,International-Experimental-Rock,0.406966667,0.201616667
1676,International,0.254583333,0.2862
1677,International,0.4741,0.506833333
1678,International,0.137833333,0.19425
1679,International-Folk-Experimental,0.343683333,0.16555
1680,International-Pop,0.519916667,0.473916667
1681,International-Electronic,0.200033333,0.154583333
1682,International-Rock,0.33525,0.309933333
1683,International-Folk,0.317183333,0.349283333
1684,International-Folk,0.319066667,0.308933333
1685,International,0.271566667,0.238266667
1686,International-Experimental-Rock,0.020116667,-0.004661017
1687,International-Electronic,0.276,0.298283333
1688,International-Electronic,0.3398,0.199
1689,International-Electronic-Rock,0.5792,0.5527
1690,International-Rock,0.187983333,0.296816667
1691,International-Folk,0.045216667,-0.065183333
1692,International-Folk,0.0113,-0.055166667
1693,International-Folk,-0.008916667,-0.022810345
1694,International-Folk-Experimental-Rock,0.569416667,-0.037633333
1695,International-Experimental-Rock,0.390216667,0.330483333
1696,International-Instrumental,0.07515,0.13995
1697,International-Folk-Pop,-0.159816667,-0.15725
1698,International-Folk-Pop-Experimental-Rock,0.2263,0.159416667
1699,International-Electronic,0.24215,0.198283333
1700,International-Electronic,0.233366667,0.28175
1701,Jazz,-0.020813559,0.0774
1702,Jazz,-0.013866667,-0.026233333
1703,Jazz,0.51055,0.0842
1704,Jazz-Rock,0.429433333,0.170016667
1705,Jazz-Rock,0.0824,-0.015169492
1706,Jazz,0.1787,0.291766667
1707,Jazz,0.06325,-0.299266667
1708,Jazz-Rock,0.165016667,-0.032283333
1709,Jazz-Experimental-Electronic,0.152783333,-0.047982759
1710,Jazz-Experimental,0.01795,-0.129883333
1711,Jazz-Instrumental-Electronic,0.053033333,0.159733333
1712,Jazz,-0.066533333,-0.226116667
1713,Jazz,0.443166667,0.364766667
1714,Jazz-Instrumental-Pop-Electronic,0.0521,0.2536
1715,Jazz-Electronic,0.411566667,0.357983333
1716,Jazz-Experimental-Electronic,0.24615,0.347333333
1717,Jazz-International-Experimental,0.22987037,0.29825
1718,Jazz-Experimental-Electronic-Rock,-0.027135593,0.083066667
1719,Jazz-Experimental-Electronic-Rock,-0.002474576,0.072683333
1720,Jazz,0.4911,0.6376
1721,Jazz-Experimental-Electronic-Rock,-0.122533333,-0.027033333
1722,Jazz,0.055766667,0.23565
1723,Jazz-Experimental-Electronic-Rock,-0.11325,0.0399
1724,Jazz-Folk-Pop-Rock,-0.14087037,-0.154016667
1725,Jazz,0.182283333,0.294016667
1726,Jazz-Instrumental-Electronic,0.0058,0.109216667
1727,Jazz,0.224016667,0.243633333
1728,Jazz-Experimental,0.2695,-0.282866667
1729,Jazz-Experimental-Electronic-Rock,0.3366,0.256933333
1730,Jazz-Hip-Hop-Electronic,0.148366667,0.358616667
1731,Jazz-Experimental-Electronic,0.274666667,-0.015483333
1732,Jazz-International,-0.01975,-0.083916667
1733,Jazz-Experimental,0.099583333,-0.136583333
1734,Jazz-Hip-Hop-Electronic,0.25365,0.243616667
1735,Jazz-Electronic,-0.099383333,0.039466667
1736,Jazz-Electronic,0.011566667,0.124383333
1737,Jazz-Experimental,0.049466667,-0.095883333
1738,Jazz-Experimental,0.225083333,-0.412
1739,Jazz-Experimental,0.0403,0.044366667
1740,Jazz-Electronic,0.2338,0.28405
1741,Jazz-Experimental-Electronic,-0.02345,-0.283816667
1742,Jazz,0.357,0.43375
1743,Jazz,0.530766667,0.4828
1744,Jazz,0.035916667,0.12345
1745,Jazz-Hip-Hop-Rock,0.46175,0.476066667
1746,Jazz-International-Experimental,0.223366667,0.2563
1747,Jazz-Experimental-Electronic,-0.0287,-0.20095
1748,Jazz-International-Pop,0.196116667,0.2295
1749,Jazz-International,0.109883333,0.42985
1750,Jazz-Hip-Hop-Electronic,0.400066667,0.188283333
1751,Jazz,0.169333333,0.100683333
1752,Jazz-Electronic,0.455383333,0.023733333
1753,Jazz-Experimental,0.102233333,-0.236983333
1754,Jazz-Instrumental-Electronic,-0.1307,-0.076916667
1755,Jazz-Hip-Hop-Electronic,0.364366667,0.3611
1756,Jazz,0.059483333,-0.012883333
1757,Jazz-Experimental,-0.12105,0.121133333
1758,Jazz,-0.203716667,0.149416667
1759,Jazz-International-Experimental,0.11915,0.324933333
1760,Jazz-Electronic,0.04420339,0.113133333
1761,Jazz-International,0.570516667,0.588633333
1762,Jazz-Hip-Hop,0.30435,0.511933333
1763,Jazz-Electronic,-0.0511,0.153583333
1764,Jazz-Experimental,0.0115,0.151816667
1765,Jazz-Experimental,0.1718,0.251066667
1766,Jazz-Experimental-Electronic,-0.190216667,-0.110366667
1767,Jazz-Electronic,-0.251866667,-0.223733333
1768,Jazz-Instrumental-Electronic,-0.11865,0.002416667
1769,Jazz,0.265316667,0.361916667
1770,Jazz,-0.1373,-0.024576271
1771,Jazz-Experimental-Rock,0.3241,0.0772
1772,Jazz,0.077516667,0.137
1773,Jazz-Experimental-Rock,0.08295,0.274966667
1774,Jazz-International-Pop,0.24495,0.240166667
1775,Jazz,-0.116883333,0.053677966
1776,Jazz,-0.119833333,0.210216667
1777,Jazz,0.200283333,0.373333333
1778,Jazz,-0.042533333,0.048266667
1779,Jazz,0.087633333,0.294833333
1780,Jazz-Experimental-Electronic,-0.079333333,0.220566667
1781,Jazz-Experimental,-0.144783333,0.09545
1782,Jazz-Experimental-Electronic-Rock,0.281133333,0.069783333
1783,Jazz-Instrumental-Electronic,-0.02725,-0.0755
1784,Jazz,0.176366667,0.337533333
1785,Jazz-Experimental,0.350283333,0.259216667
1786,Jazz-Experimental,-0.148683333,-0.063783333
1787,Jazz-International,-0.00735,0.073083333
1788,Jazz-Experimental,0.347016667,-0.169183333
1789,Jazz-Electronic,0.31825,0.239983333
1790,Jazz-Experimental,-0.01305,-0.20075
1791,Jazz,0.05345,0.280566667
1792,Jazz,0.176366667,0.383933333
1793,Jazz-Electronic,0.152766667,0.124116667
1794,Jazz-Electronic,0.15845,-0.05405
1795,Jazz,-0.055783333,-0.041483333
1796,Jazz-Rock,0.537233333,0.440266667
1797,Jazz-Experimental-Electronic,0.098133333,-0.030833333
1798,Jazz,0.021866667,0.198116667
1799,Jazz-Electronic,0.1948,0.353666667
1800,Jazz-Experimental,-0.223283333,-0.142816667
1801,Pop-Experimental-Rock,-0.06435,-0.169383333
1802,Pop-Rock,0.393516667,0.3006
1803,Pop-Rock,0.012152542,0.1897
1804,Pop-Rock,0.47805,0.219933333
1805,Pop-Rock,0.313416667,0.276866667
1806,Pop-Rock,0.442066667,0.3861
1807,Pop-Rock,0.394783333,0.30325
1808,Pop-Rock,0.322633333,0.217766667
1809,Pop-Rock,0.221037037,-0.016866667
1810,Pop-Rock,0.04805,0.0869
1811,Pop-Rock,0.313833333,0.143566667
1812,Pop-Rock,0.2631,0.212716667
1813,Pop,0.328383333,0.434383333
1814,Pop-Rock,0.422883333,0.484416667
1815,Pop-Electronic-Rock,0.42645,0.4617
1816,Pop-Experimental-Electronic,0.212166667,0.1526
1817,Pop-Rock,0.51335,0.4805
1818,Pop-Experimental-Rock,0.0629,0.115916667
1819,Pop-Experimental-Rock,0.125,-0.0697
1820,Pop-Experimental-Rock,0.269083333,0.09275
1821,Pop,0.4921,0.339983333
1822,Pop-Rock,0.012933333,0.033566667
1823,Pop-Experimental,0.2532,-0.199083333
1824,Pop-Electronic-Rock,0.3907,0.394733333
1825,Pop-Electronic-Rock,0.300266667,0.22565
1826,Pop-Rock,0.08875,0.166583333
1827,Pop-Electronic,0.49165,0.14305
1828,Pop,0.588733333,0.2226
1829,Pop-Experimental-Rock,0.2527,0.065483333
1830,Pop-Electronic-Rock,0.2769,0.256616667
1831,Pop-Electronic,0.395483333,0.389333333
1832,Pop,0.234666667,0.4011
1833,Pop-Rock,0.157083333,0.14375
1834,Pop,0.4518,0.503716667
1835,Pop-Rock,-0.08995,0.064933333
1836,Pop-Electronic-Rock,0.21235,0.0782
1837,Pop-Experimental,-0.017034483,-0.06505
1838,Pop-Rock,0.353483333,0.0678
1839,Pop-Rock,0.4105,0.42365
1840,Pop-Electronic,0.359416667,0.13675
1841,Pop-Electronic,0.001516667,0.283433333
1842,Pop-Experimental-Electronic,0.43155,0.2249
1843,Pop-Experimental-Electronic,0.277366667,0.3012
1844,Pop,0.448283333,0.48595
1845,Pop,0.3734,0.27735
1846,Pop-Experimental-Electronic,0.3641,0.302116667
1847,Pop-Experimental-Rock,-0.1373,-0.224366667
1848,Pop-Rock,0.293733333,0.200833333
1849,Pop,0.360866667,0.398933333
1850,Pop-Electronic-Rock,-0.077433333,-0.193566667
1851,Pop-Rock,-0.021433333,0.140333333
1852,Pop-Electronic-Rock,0.259333333,0.0969
1853,Pop,0.28425,0.391466667
1854,Pop,0.263866667,0.126266667
1855,Pop-Rock,0.465983333,0.292433333
1856,Pop-Electronic,0.655116667,0.297916667
1857,Pop-Experimental,0.346166667,0.178533333
1858,Pop-Experimental,0.3835,0.238233333
1859,Pop-Rock,0.318733333,0.292466667
1860,Pop,0.115233333,-0.166866667
1861,Pop-Rock,0.265416667,0.18275
1862,Pop-Rock,0.278433333,0.12805
1863,Pop-Rock,0.462416667,0.500866667
1864,Pop-Rock,0.690633333,0.304351852
1865,Pop,0.4387,0.499966667
1866,Pop-Rock,0.2336,0.135333333
1867,Pop-Rock,0.060766667,0.069016667
1868,Pop,0.23705,0.309233333
1869,Pop-Rock,0.048083333,-0.049933333
1870,Pop,0.49745,0.439216667
1871,Pop-Electronic,0.563666667,0.548616667
1872,Pop-Electronic,0.300116667,-0.03575
1873,Pop-Electronic-Rock,0.060444444,0.193533333
1874,Pop-Electronic-Rock,0.437,0.280166667
1875,Pop-Rock,0.470616667,0.5064
1876,Pop,0.391183333,0.39875
1877,Pop-Electronic,0.485883333,0.334116667
1878,Pop,0.407766667,0.528566667
1879,Pop-Electronic,0.57305,-0.043866667
1880,Pop-Rock,-0.17037037,0.220574074
1881,Pop-Experimental,0.494116667,0.388333333
1882,Pop-Rock,0.424083333,0.342483333
1883,Pop-Experimental-Electronic,0.23385,0.3245
1884,Pop-Electronic,0.429466667,0.474866667
1885,Pop-Experimental-Rock,0.203016667,-0.283933333
1886,Pop-Experimental-Rock,-0.10315,-0.213933333
1887,Pop-Rock,0.2646,0.1823
1888,Pop-Experimental-Electronic,-0.187416667,-0.115633333
1889,Pop-Rock,0.4615,0.310666667
1890,Pop-Rock,0.43285,0.455666667
1891,Pop-Electronic,0.050333333,0.244116667
1892,Pop-Electronic,0.481883333,0.16355
1893,Pop-Rock,0.413366667,0.400483333
1894,Pop-Rock,0.245066667,0.078766667
1895,Pop-Rock,0.4153,0.455583333
1896,Pop-Electronic,-0.389314815,0.045166667
1897,Pop-Rock,0.10695,-0.043483333
1898,Pop-Rock,0.173055556,0.15535
1899,Pop-Rock,0.03695,0.279333333
1900,Pop-Rock,0.631966667,0.298283333
1901,Rock,0.54435,0.0752
1902,Rock,0.6127,0.090833333
1903,Rock,0.6538,-0.366766667
1904,Rock,-0.015067797,-0.051233333
1905,Rock,0.532233333,-0.001
1906,Rock,0.263433333,0.0635
1907,Rock,0.46615,0.18925
1908,Rock,0.315333333,0.085466667
1909,Rock,0.347783333,0.071816667
1910,Rock,0.140716667,0.05525
1911,Rock,0.363833333,0.077033333
1912,Rock,0.405583333,0.3791
1913,Rock,0.458533333,0.439016667
1914,Rock,0.474533333,0.256483333
1915,Rock,0.479533333,0.417983333
1916,Rock,0.4406,0.221433333
1917,Rock,0.305333333,-0.036983333
1918,Rock,0.145016667,-0.085933333
1919,Rock,0.373433333,0.023116667
1920,Rock,0.6062,0.218516667
1921,Rock,0.546333333,-0.037316667
1922,Rock,0.309983333,0.299766667
1923,Rock,0.51425,0.414166667
1924,Rock,0.51245,0.051683333
1925,Rock,0.287883333,0.2147
1926,Rock,0.478266667,0.083366667
1927,Rock,0.1178,0.268416667
1928,Rock,0.442133333,-0.13875
1929,Rock,0.641116667,0.039433333
1930,Rock,0.128983333,0.038366667
1931,Rock,0.31205,0.0814
1932,Rock,0.519316667,-0.103533333
1933,Rock,0.528366667,0.169333333
1934,Rock,-0.079783333,0.207616667
1935,Rock,0.21035,0.207366667
1936,Rock,-0.110516667,-0.2938
1937,Rock,-0.011152542,0.140483333
1938,Rock,0.6062,0.192883333
1939,Rock,0.098633333,0.20175
1940,Rock,0.456933333,0.24715
1941,Rock,0.251133333,0.180883333
1942,Rock,0.667983333,0.436466667
1943,Rock,0.2528,-0.0582
1944,Rock,0.231666667,0.243733333
1945,Rock,0.4716,0.242433333
1946,Rock,0.512633333,-0.181683333
1947,Rock,0.642983333,0.178883333
1948,Rock,0.534483333,0.011283333
1949,Rock,0.3536,-0.515183333
1950,Rock,0.010983051,-0.372633333
1951,Rock,0.022766667,0.064016667
1952,Rock,0.1616,-0.1071
1953,Rock,0.181416667,0.070525424
1954,Rock,0.405816667,0.399533333
1955,Rock,0.583316667,0.124833333
1956,Rock,0.45745,0.170516667
1957,Rock,0.4249,0.000733333
1958,Rock,0.2704,-0.050416667
1959,Rock,0.394233333,0.252083333
1960,Rock,0.519433333,-0.035666667
1961,Rock,0.408516667,0.251716667
1962,Rock,0.3926,0.0198
1963,Rock,0.3812,-0.234916667
1964,Rock,0.64795,-0.187866667
1965,Rock,0.080666667,-0.173383333
1966,Rock,0.440416667,-0.071266667
1967,Rock,0.5597,-0.079883333
1968,Rock,0.6515,-0.148283333
1969,Rock,0.577333333,-0.236683333
1970,Rock,0.598366667,0.3042
1971,Rock,0.404,0.250966667
1972,Rock,0.43205,0.4743
1973,Rock,0.298233333,-0.017466667
1974,Rock,0.138016667,-0.22355
1975,Rock,0.375933333,0.081933333
1976,Rock,0.411966667,-0.03905
1977,Rock,0.381116667,0.098066667
1978,Rock,0.523033333,0.3691
1979,Rock,0.508183333,0.149516667
1980,Rock,0.4373,0.2113
1981,Rock,0.4022,-0.00145
1982,Rock,0.1803,0.06345
1983,Rock,0.020333333,-0.247516667
1984,Rock,-0.094766667,0.021933333
1985,Rock,0.275766667,0.062
1986,Rock,0.409583333,0.092633333
1987,Rock,0.490266667,0.511766667
1988,Rock,0.435233333,0.225616667
1989,Rock,0.471,0.183833333
1990,Rock,0.114666667,-0.04185
1991,Rock,0.457516667,0.110883333
1992,Rock,0.662766667,0.09695
1993,Rock,0.5692,-0.264633333
1994,Rock,0.077216667,-0.055
1995,Rock,0.199983333,0.00405
1996,Rock,0.5116,0.016883333
1997,Rock,0.169683333,0.1833
1998,Rock,0.513783333,0.482516667
1999,Rock,0.436583333,0.11965
2000,Rock,0.467166667,0.422716667